,pos,rapA_heat_info,arcA_Anaero_info,aphA_Anaero_info,tig_glpR_info,rhle_LB_info,yehU_Anaero_info,tff-rpsB-tsf_arabinose_info,ykgE_arabinose_info,yeiQ_Anaero_info,tff-rpsB-tsf_heat_info,maoP_glpR_info,ykgE_Anaero_info,rapA_arabinose_info,fdhE_LB_info,yehU_arabinose_info,rhle_M9_info,tig_arabinose_info,maoP_heat_info,yeiQ_arabinose_info,tig_M9_info,tff-rpsB-tsf_glpR_info,maoP_arabinose_info,aphA_arabinose_info,arcA_arabinose_info,fdhE_Anaero_info
0,1,3.9e-05,0.0001263421,3.570654e-06,1.5036660000000002e-05,-0.0001784136,7.189783000000001e-05,4.219162103333333e-05,-2.722620933333333e-05,0.0001833488,-1.622163e-05,-0.0002724005,-4.7e-05,-2.7637028212000003e-05,-6.969864e-05,2.783642666666667e-05,1.241288e-06,-1.4041969599999999e-05,-0.00011599999999999999,-0.0003139732,-7.887056e-06,-2.279547e-05,5.911526666666668e-05,-4.298348666666667e-05,-6.554282e-05,-6.796956999999999e-07
1,2,9.4e-05,0.0001002932,1.118703e-05,1.836229e-05,-0.0001493191,-9.924849e-05,4.209273503333333e-05,-3.162428433333333e-05,0.00017269939999999998,-2.7734179999999998e-05,-0.000252242,-2.6000000000000002e-05,5.512221788e-06,-6.440833000000001e-05,0.00018038666333333332,3.787174e-06,-6.728172933333333e-06,-0.000109,-0.00026909224000000004,-8.173719e-06,-5.182576e-05,0.00014348319,-3.2280455e-05,-7.343151333333334e-05,-2.581884e-05
2,3,0.000113,1.8754550000000001e-06,-2.0946789999999997e-06,5.272406e-05,-9.625503000000001e-05,-0.0001267613,4.914528733333334e-05,-3.721517333333333e-05,0.00013098530000000001,-4.175125e-05,-7.600663000000001e-05,3.1e-05,2.3289894666666665e-05,-5.712908e-05,0.00019065675333333334,6.324492e-06,-7.351580266666667e-06,-2.4e-05,-9.499307000000002e-05,-1.442364e-05,-6.171651e-05,1.7511686666666672e-05,-8.260619166666667e-05,-9.212434666666665e-05,-2.685111e-05
3,4,0.00011200000000000001,-2.904488e-05,-1.4211670000000001e-05,1.6477529999999998e-05,0.0001225921,-0.0001251974,6.426387333333333e-06,-1.4221198333333331e-05,-0.0001630053,-4.309267e-05,2.7412709999999997e-05,5.9e-05,4.431938666666666e-05,-4.04505e-06,0.00015564586866666667,2.559258e-06,-1.0431888666666666e-05,-6.8e-05,-6.203323666666666e-05,4.117101e-06,-2.3371679999999997e-05,-2.7475519999999996e-05,-7.9572065e-05,-0.00011693651699999999,-7.279059000000001e-07
4,5,0.000147,4.402606e-05,-0.0001626261,9.33766e-06,0.00014674260000000001,-1.065203e-06,9.740450000000001e-06,-1.7856791666666667e-05,-0.0001462945,-1.500785e-05,1.053069e-05,6.7e-05,-9.202433333333339e-06,-6.627749999999999e-06,1.9473753766666666e-05,2.347067e-06,-2.7365025333333335e-05,-7.3e-05,-6.894040133333333e-05,6.585957e-06,-2.562006e-05,-2.0180219846666665e-05,-8.318063333333333e-05,-0.00011886512699999997,-3.973885e-05
5,6,4.8e-05,3.7879180000000003e-06,-0.0001347441,-2.3309169999999998e-05,9.539767e-05,2.21363e-05,1.0646839999999999e-05,-4.2439648333333334e-05,-0.00016627040000000002,4.010225e-05,-7.987961e-07,4e-05,-2.7403764666666668e-05,-4.178879999999999e-06,-3.274586623333333e-05,1.783711e-06,-3.1454443e-05,-9.9e-05,-0.0002303943713333333,-3.7292559999999997e-06,-1.643802e-06,-1.1514959846666665e-05,-2.4917963333333333e-05,-7.407476999999999e-06,4.5813149999999994e-05
6,7,0.000206,1.3935550000000001e-06,-5.574704000000001e-05,-2.002387e-06,2.396123e-05,7.412208000000001e-05,1.3545096333333334e-05,-0.00025162567666666666,-2.650084e-06,6.561595e-05,3.728841e-06,6.500000000000001e-05,-9.776817133333333e-05,3.577196e-05,-4.1882831566666664e-05,6.658002e-06,-5.491504e-05,1.1e-05,-0.00016045149466666664,-1.863915e-05,1.095346e-05,-8.194501846666665e-06,-0.00025247378666666667,-2.7359989999999995e-05,6.0929980000000006e-05
7,8,0.00035099999999999997,-2.613032e-05,8.578591999999999e-05,1.4024620000000003e-05,-2.272422e-06,0.00017774169999999997,-1.6022663666666667e-05,-0.00024636600666666665,-2.20396e-05,3.0790520000000004e-05,7.349883e-06,7.900000000000001e-05,-7.2576568e-05,4.828009e-06,-6.739757999999999e-05,9.137294e-06,-6.131635333333334e-05,9e-06,-0.00020739192333333331,-1.942643e-05,1.4213429999999999e-05,-6.565125333333333e-06,-0.00026395044666666664,-9.709274e-05,6.778291e-05
8,9,0.000925,2.0971269999999998e-05,5.8171199999999996e-05,8.206224e-06,2.182285e-06,0.0001637568,-6.6061597e-05,-0.00020485133333333333,-2.260087e-05,9.749221e-05,-1.653241e-05,6.4e-05,-0.00025339516333333336,-1.984912e-05,-1.738986e-05,6.348318000000001e-06,-5.5138906213333337e-05,-4.9e-05,-8.026118333333333e-05,-1.8947100000000001e-06,7.903714e-05,6.676238e-06,-0.00027792906666666665,-0.00011413593666666668,-0.0001477663
9,10,0.001347,2.8906059999999998e-05,-3.720124e-06,5.682933000000001e-05,3.303716e-05,0.0001152591,-6.527944899999999e-05,1.3193566666666649e-06,-2.212275e-05,9.357136999999999e-05,-5.9364969999999996e-05,2.4e-05,-0.0001736820466666667,-2.6554770000000003e-05,-3.057239000000001e-05,1.380766e-06,-3.096649488e-05,-8.4e-05,-0.00014716046,-3.796864e-06,0.00010269229999999999,4.1487719999999994e-05,-4.151544666666667e-05,-0.0002375056133333333,-0.00013898129999999998
10,11,0.001695,2.7584990000000004e-05,-4.547694e-06,3.94506e-05,3.386328e-05,1.142721e-05,-4.8331452333333335e-05,2.150243e-05,6.130701999999999e-05,9.754661e-05,-7.084793e-05,-4.3e-05,-0.00013370323000000002,1.856678e-05,-5.269515213333338e-06,2.351305e-06,-8.25071488e-06,-8.3e-05,-6.786738666666665e-05,-2.5182259999999997e-06,0.0001101791,4.0924972e-05,-5.044830333333333e-05,-0.0008725981133333333,-0.00013394440000000002
11,12,0.001142,1.60453e-05,3.6163889999999997e-06,3.684236e-05,7.940163000000001e-05,7.491425e-06,-5.306583e-06,-6.082344e-05,0.0002637245,4.032453e-05,-0.0001434372,0.000144,0.00013849763666666666,0.0001366725,-3.855179521333334e-05,1.729752e-06,-8.235353443333333e-06,-0.00011599999999999999,-2.8167299999999987e-05,-3.877795e-06,3.804153e-05,-6.324921466666668e-05,-3.4005093333333335e-05,-0.0012639462,7.684634e-05
12,13,0.000669,-1.1531389999999999e-05,2.3265239999999998e-05,4.837151e-06,5.183867e-05,3.707292e-05,-2.5531800000000003e-06,-9.357193e-05,0.00020786830000000002,3.1489440000000007e-05,-7.555982e-05,0.000361,0.00012510253333333332,5.1718640000000006e-05,-0.00015366731521333334,1.744055e-06,-5.26192111e-06,-8.4e-05,6.722086666666667e-05,1.063331e-06,8.696001e-06,-0.00013817251466666667,-5.063863333333333e-05,-0.0012822421666666666,5.51649e-05
13,14,0.00010800000000000001,1.124902e-05,1.739586e-05,5.8601480000000005e-06,4.9724799999999995e-05,4.201834e-05,4.016095e-06,-0.00014832196666666667,0.0001056494,2.867685e-05,-2.7059359999999998e-05,0.000813,0.00011237470333333334,3.8003209999999996e-05,-0.00016355131999999997,-1.22256e-06,1.2791108889999998e-05,-4.9e-05,-4.850167333333334e-05,-1.410283e-06,-1.106096e-05,-0.00014973706,-2.8072851666666662e-05,-0.0012203845,7.288834e-05
14,15,0.000609,0.0003154782,1.055298e-05,1.7340870000000003e-05,5.574005e-05,4.969406e-05,6.054564e-06,-8.001400433333333e-05,-8.583688e-05,-5.650771e-06,7.702307e-05,0.000661,3.318274e-05,-9.337150999999999e-05,-0.00012228504666666668,-1.064858e-06,2.2274827e-05,7.099999999999999e-05,-9.688294000000001e-05,-1.1245689999999999e-05,-1.19272e-05,-7.091584666666668e-05,-2.2708511666666668e-05,-0.0015989861666666667,-1.3774760000000001e-05
15,16,0.0004980000000000001,0.0003363136,4.8127420000000004e-05,6.526241e-06,5.82309e-05,-1.979142e-05,-3.2950933333333336e-06,-9.3773971e-05,5.983687e-05,-8.23624e-05,5.774752e-05,0.0007509999999999999,0.00010858119333333333,-8.562814e-05,-2.2882179999999998e-05,9.02829e-07,1.9143132333333337e-05,5.5e-05,-0.00011363850666666668,-5.1431859999999995e-05,-3.930471e-05,-3.0656889666666664e-05,5.1298308333333335e-05,-0.0014517721833333336,-2.1046790000000003e-05
16,17,0.000471,0.0003052663,5.402585999999999e-05,5.522758e-06,5.827364000000001e-05,-3.260531e-05,-1.8069475e-05,-0.00010956187099999998,9.241646000000001e-05,-1.176224e-05,1.12008e-05,0.001172,0.00010131878638382334,-8.289809000000001e-05,-1.3170564199999999e-05,-1.129059e-07,1.4777156666666674e-06,3.9e-05,-5.320794999999999e-05,-4.261945e-05,2.437016e-05,-4.157116966666667e-05,6.760682333333333e-05,-0.0012283915166666666,-2.2028089999999996e-05
17,18,1.7e-05,3.4250059999999996e-07,1.413046e-05,-2.7363839999999997e-06,-1.225059e-05,-4.691365e-05,-5.473391333333334e-05,-0.0001433883,0.000306271,-7.444835e-05,-5.885044e-05,0.001466,3.195134971715668e-05,-4.721276e-05,-3.967479753333333e-05,1.349938e-06,-1.3962700999999999e-05,-7.8e-05,-0.00013790120999999998,-3.853122e-05,-1.291851e-06,-1.0959976333333333e-05,7.631189333333334e-05,-0.0005296216166666667,-1.987996e-07
18,19,-4e-05,5.8499490000000004e-05,-2.617521e-05,1.894757e-05,-3.0187600000000002e-05,-6.514149e-05,-7.00908e-05,-0.00011948485666666665,0.0002265334,7.520551000000001e-06,-4.630452999999999e-05,0.002091,-5.9089971616176664e-05,8.563693999999999e-05,-1.2935067533333332e-05,6.788612000000001e-06,-7.916952000000001e-05,-1.7e-05,-0.00019294231000000002,2.839998e-06,8.213627e-05,-1.0307382766666664e-05,-2.520327333333333e-05,-0.0008638677666666667,2.522094e-05
19,20,-3.4e-05,5.0744319999999996e-05,-2.793078e-05,1.849145e-05,-1.77226e-05,-0.0001183707,-6.663684333333333e-05,-0.00030653525666666674,4.119519e-05,-2.5919839999999998e-05,-2.1258739999999996e-05,0.001998,-8.1236738e-05,8.445626e-05,-1.808522333333333e-05,1.197461e-05,-8.053564666666667e-05,-4e-06,-9.378243333333335e-05,8.326556e-06,3.354368e-05,2.466938056666667e-05,-4.5213330000000005e-05,-0.00042981885266666665,8.757313e-06
20,21,-0.00014199999999999998,4.449788e-05,2.3974439999999998e-05,3.150066e-05,1.2835299999999999e-05,-9.888128000000001e-05,-4.366171999999999e-05,-0.00020081319000000002,-0.00016733419999999998,0.0001120414,5.5396769999999996e-05,0.001583,-2.3638752473333334e-05,8.338109e-05,-0.00013540047,7.264762e-06,-6.547668e-05,9.499999999999999e-05,2.940045999999999e-05,1.1143450000000001e-05,5.8810330000000004e-05,1.7340427233333336e-05,-5.2477760666666664e-05,-0.000354187585,1.6306890000000002e-06
21,22,-0.00010700000000000001,3.751943e-05,6.3451250000000005e-06,1.792799e-05,-4.5290730000000005e-05,-5.224922e-05,-4.4100313333333334e-05,-0.00028994603333333335,-0.0003028733,0.0001164796,3.979322e-05,0.00095,-2.2272490173333336e-05,-1.915703e-05,-0.00014276859333333332,1.530411e-06,9.981056666666668e-06,3.7e-05,0.00011108901,8.126014999999999e-06,1.735404e-05,1.778697e-05,-7.851632466666667e-06,-3.3369103333333336e-06,-2.918467e-05
22,23,-9.8e-05,0.0002893999,-1.642036e-05,7.583484e-07,3.398567e-05,1.080602e-05,-3.36017984e-05,-5.673922666666665e-05,-0.00017531709999999998,8.290439e-05,1.1960250000000001e-05,0.00020299999999999997,-3.4382417333333337e-07,6.320801e-05,-0.00014613859,-6.922781e-06,3.200483e-05,4e-06,7.854047666666667e-05,6.57105e-05,1.621259e-05,-1.446843333333333e-06,-2.7355754666666664e-06,-9.746932433333334e-05,2.642864e-05
23,24,6.2e-05,0.0003048918,-2.299422e-05,-9.87585e-06,2.3733160000000002e-05,-2.3588400000000003e-05,-6.568725506666666e-05,-0.00021529036,-0.0001819425,0.0001764322,-1.175951e-05,0.00043799999999999997,-4.9895509699999996e-05,8.804369e-05,-2.5022765940000002e-05,-4.010786e-06,3.188197666666667e-05,-4e-06,4.861102333333333e-05,7.180923e-05,6.025415e-05,-1.0878116666666665e-05,-4.933248146666667e-05,-0.00010961580533333335,8.478382e-05
24,25,0.000127,0.000553175,9.762781e-06,-3.945809e-05,9.642488000000002e-05,-2.6775070000000002e-05,-1.8394288399999998e-05,-0.00014330359333333335,-5.419041e-05,4.258732e-06,0.0001120542,0.000183,-8.242359066666667e-05,0.00010715059999999999,-8.719277288e-06,-1.36465e-05,2.3701639666666666e-05,8.6e-05,2.102713e-05,7.372863e-05,9.755355e-06,-0.00017773104333333332,-5.416986633333334e-05,-0.00011087481000000001,0.00010087290000000001
25,26,0.00011200000000000001,0.0007466919,9.114622e-05,-2.576786e-05,-2.7243699999999998e-05,-2.117983e-05,-1.7502453333333332e-05,-0.0001333000719,7.267569e-08,-2.405252e-06,0.0001923072,0.00024300000000000002,-8.396020533333335e-05,4.318085e-05,-5.554907288e-06,-9.306396e-06,-4.799847e-06,0.000184,-2.2213230766666666e-05,6.339443999999999e-06,3.379898e-05,-0.00020175046,-0.00012698945666666668,-0.00010408457666666668,0.0001384743
26,27,3.9e-05,0.00177479,0.000131611,-4.06912e-05,1.3095060000000002e-05,-1.208788e-06,-1.587302e-05,-6.185228523333335e-05,6.690892e-05,-0.0002758835,0.0002036482,7.7e-05,-5.098681866666667e-05,4.914347e-05,-2.841735801466667e-05,-7.376097999999999e-06,-1.6796721000000002e-05,0.00021,-0.00015461507076666668,-3.191898e-06,-1.25329e-05,-0.00019615077196666667,-0.00015519429,-0.00029745243,8.024299e-05
27,28,6e-06,0.0019089839999999999,9.713634e-05,-1.9456429999999998e-05,2.2868939999999997e-05,0.0002459001,-4.1775271666666667e-05,-0.00010901691856666666,7.293013e-05,-7.711668e-05,7.991661999999999e-05,0.00020299999999999997,-0.00011301071199999999,3.5873e-05,-2.8868227e-05,-4.941227e-06,-4.439036733333333e-05,0.000121,-0.00020317692743333334,-3.245048e-06,1.3467960000000001e-05,-8.280017196666666e-05,-0.00015851275,-0.00028559024,7.356159000000001e-05
28,29,-2.8999999999999997e-05,0.001477702,4.011054e-05,-1.555706e-05,3.767661e-05,0.00022913939999999998,-4.651214166666666e-05,-0.00010883741275666666,8.552257e-05,0.0001365346,-1.279855e-05,0.000157,-0.00011138097203333333,3.0780490000000003e-07,-0.00010664903366666668,-2.122932e-06,-4.117112733333333e-05,1.7e-05,-0.00020810015333333335,-1.3427899999999999e-05,-9.403784000000001e-06,-6.036334196666667e-05,-8.512112115666665e-05,5.609782666666669e-05,-8.521616e-05
29,30,-1.6e-05,0.0002623249,9.878126e-05,1.485816e-06,-5.4317030000000004e-05,0.0001765388,-9.8288675e-05,-0.00010051658608999999,8.099472e-05,0.0006729355,1.628876e-06,0.000171,-0.00011024037536666667,0.0001144349,-9.799887366666666e-05,1.310282e-06,-4.466776e-05,-2e-06,-0.00013233992,1.810566e-05,3.271849e-05,-3.049712666666667e-05,-0.00011694042115666666,0.00025560433333333336,-4.645441e-05
30,31,3.9e-05,6.619993e-05,0.00010817540000000001,4.07657e-05,-2.464781e-05,3.4452199999999995e-05,-0.00010260626333333333,-3.781243609e-05,0.0001493066,0.0007735966000000001,-4.1368869999999994e-05,0.00022999999999999998,-2.2840592033333333e-05,0.0001277976,-0.00013133343333333335,-1.675404e-07,-2.6213426666666663e-05,-3.9e-05,-0.00016618015333333335,1.795579e-05,5.5929490000000007e-05,4.4201356666666666e-05,-0.00012458898782333332,0.0002400149133333334,-2.860796e-05
31,32,0.000106,0.0003003244,0.00014339209999999998,4.60315e-06,8.612767999999999e-06,4.4135859999999996e-05,-0.00012260967333333332,-5.011837333333333e-05,0.0001607498,0.0006159713,-3.37726e-05,0.000549,-3.3497296666666664e-05,0.00017797349999999998,-0.0001367763,-1.170931e-05,-8.376543333333333e-06,-3.8e-05,-0.00019517356666666667,2.478699e-05,4.410256e-05,1.4688466666666668e-05,-0.00015894871666666667,-9.753995333333334e-05,6.579326e-05
32,33,0.00011499999999999999,0.00048786610000000003,8.103666000000001e-05,1.941052e-05,4.45822e-05,9.546368e-05,-3.006396196666666e-05,-5.543829666666667e-05,9.062951e-05,0.00020298430000000001,-5.46942e-05,0.0005480000000000001,-8.338251333333333e-05,6.542114e-05,-0.00013550854,-1.80156e-05,-2.2737610000000006e-06,-3.8e-05,-0.00014319437,8.931777e-05,-2.4586020000000003e-05,-1.534334666666666e-05,-0.0003621972166666667,-0.00015400779333333336,1.1688210000000002e-05
33,34,0.000156,0.0003693939,5.8480959999999995e-05,-1.004415e-05,-6.874853e-05,-1.573372e-07,-3.856828633333325e-06,-5.856478666666667e-05,5.834204e-06,0.00033269669999999997,4.206951e-05,0.000455,-7.940115666666667e-05,-3.792577e-05,-0.00022906790666666667,-1.298442e-05,7.315277333333334e-06,4.2e-05,-4.9655408e-05,9.446700999999999e-05,-2.67998e-05,-0.00016017236333333335,-0.00039145786666666666,-0.00013724287333333334,2.5712630000000003e-06
34,35,0.000124,0.0005939707,1.833443e-05,2.3690479999999998e-05,-0.0001559676,5.222543e-06,4.31285047e-05,-9.408715e-05,-1.440491e-05,0.00028530490000000004,0.0001917595,0.000151,-6.9084816e-05,-5.904285e-06,-0.00014037713383333335,-5.337672e-06,-6.032139333333333e-06,0.00028199999999999997,-3.5231671333333334e-05,9.556870000000001e-05,-2.679288e-05,-0.0002893801966666667,-0.00035861172133333334,-5.3308790666666666e-05,0.0002980265
35,36,0.000109,0.0009161678999999999,-1.9145120000000002e-05,7.439649e-06,-5.645031e-05,2.1042929999999997e-05,5.280311e-05,-7.831654346666666e-05,-3.0759179999999997e-06,0.00026195200000000003,0.00025562619999999997,0.000166,-1.9504049333333335e-05,-3.974474e-05,-0.00013387823383333335,-3.606954e-06,-9.533611666666668e-06,0.000342,-7.0492168e-05,1.3585820000000001e-05,2.401048e-06,-0.0003479987333333333,-0.0003893549213333333,-8.881383999999999e-06,0.0002829096
36,37,3.5e-05,0.0016500179999999998,-1.112866e-05,-2.310135e-06,9.549623e-05,-1.4457950000000001e-05,3.4009728333333334e-05,-4.879634046666667e-05,9.188784e-05,2.075283e-06,0.0002256807,1.6e-05,-3.3686769333333336e-05,0.0001228389,-5.101166716666666e-05,-1.046863e-05,-1.546375666666667e-05,0.00035299999999999996,-0.00021205616333333334,-2.2377289999999998e-07,-1.0079739999999999e-05,-0.00024639660999999997,-0.00035833415466666666,-0.0001830215106666667,0.0003102251
37,38,3.5e-05,0.001245965,2.21431e-06,-9.296147e-06,0.0002398192,4.01629e-07,1.2926622e-05,-2.208983713333333e-05,0.0002831095,-3.809468e-05,0.0001192702,7.000000000000001e-06,-3.742799e-05,5.3801040000000005e-05,-0.00018481904,-1.016306e-05,-1.0001550843333332e-05,0.00016999999999999999,-0.00034775556666666665,-1.8306780000000001e-06,-7.209231e-06,-0.00012331691000000002,-0.0003777119933333333,-0.00022356109333333338,-4.310667000000001e-06
38,39,2.9999999999999997e-05,0.0007128960000000001,1.0770910000000001e-05,1.034515e-05,0.0002068173,3.833728e-05,3.331970803333333e-06,-6.1297567e-05,0.0005395619,-5.2490209999999995e-05,0.0001278544,8.9e-05,-6.0287289999999994e-05,5.292464e-05,-0.00019641894333333337,-1.2459160000000002e-05,-1.676641417666667e-05,0.000173,-0.00039881056666666665,-1.5260639999999997e-05,-7.031664e-06,-0.00015772767666666666,-2.761318666666667e-05,-0.00020462534060965666,3.618259e-05
39,40,-8e-06,-6.796546e-05,4.9243379999999995e-05,3.162779e-05,0.00013080010000000002,6.343593e-05,2.3554129136666663e-05,-0.00013534969666666665,0.0004381064,-5.629826e-05,0.0001133774,0.00016,-5.304792e-05,1.4890550000000001e-05,-0.0002233348766666667,-3.7362259999999998e-06,-3.550053751e-05,0.000124,-0.00025979888333333334,-4.182172000000001e-05,-1.573777e-05,-0.00014826137666666667,1.2778396666666663e-05,-4.474792927632333e-05,1.623161e-05
40,41,0.000164,9.536550999999999e-06,4.209968e-05,3.904067e-05,0.0001222239,0.0002339959,2.5903922136666667e-05,-0.00011425951353333333,0.0004705472,-1.735193e-05,9.465448e-05,0.00018,-7.939332e-05,1.970886e-06,-0.00023275874333333335,-2.4097359999999998e-05,-4.0853980000000004e-05,7.2e-05,-0.00027519855,-6.212340999999999e-05,-1.3200950000000001e-05,-0.00011283224666666667,6.905085666666667e-05,-7.556642927632332e-05,-5.4147510000000004e-05
41,42,0.00017900000000000001,0.0002319004,-3.654242e-05,1.759226e-05,9.111324000000001e-05,0.00034732919999999997,3.6885863333333334e-05,-0.00031413464686666666,0.00021097740000000002,-4.551931e-05,0.00048273839999999995,0.000122,-3.968969333333334e-05,-2.6859129999999997e-06,-0.00023264862666666668,-2.129738e-05,-2.8549425333333336e-05,0.00037200000000000004,-0.0001708142766666667,-6.374297e-05,-1.680891e-05,-0.0004985371466666666,8.029122666666667e-05,-0.00013704775533333335,-7.500557e-05
42,43,0.00018899999999999999,-2.2623579999999997e-05,4.163646e-05,-5.63231e-06,0.00011134639999999999,0.00048174620000000003,2.6785076666666666e-05,-0.00025336765019999996,0.0002336536,-6.517856e-05,0.001116243,0.000123,-2.1152143333333338e-05,-3.030814e-05,-0.00019861449333333334,-2.381971e-05,-4.577437666666667e-06,0.000725,-0.00016181731666666668,-2.6237459999999998e-05,-9.929741e-06,-0.0012777800366666665,0.00017403734333333335,-0.00012438365333333333,-7.279024e-05
43,44,5.5e-05,-0.00017364709999999998,2.5833089999999998e-05,-6.3363199999999995e-06,5.159197e-05,0.00030394849999999996,3.217941e-05,-0.00025172367366666664,-0.00019444189999999999,-6.398241e-05,0.0012223689999999998,9.499999999999999e-05,9.548482933333334e-06,-1.722846e-05,-8.757326333333334e-05,-2.6507600000000003e-06,-5.5837681e-05,0.000773,6.661448333333333e-05,-3.76154e-07,-1.2503330000000001e-05,-0.00129458996,0.00038108164333333335,-5.690984000000001e-05,-0.0004666769
44,45,3.4e-05,-0.0001028827,0.00010170209999999999,7.983163e-07,1.1740730000000001e-05,0.0001949573,2.689116333333333e-05,-1.1710946999999999e-05,-0.00020545419999999998,-2.438161e-05,0.0007552148,5.6999999999999996e-05,1.0737682266666666e-05,-3.491931e-06,-0.0002663239033333333,-3.667918e-06,-6.183530566666667e-05,0.000408,4.648719333333334e-05,5.225707e-06,-4.707452999999999e-05,-0.0008485621033333333,0.00036460698766666667,4.518377966666668e-06,-0.00040742769999999994
45,46,1.3000000000000001e-05,7.662565e-05,-0.0001873398,2.8717540000000004e-05,1.300204e-05,7.139408000000001e-05,3.7315349999999995e-05,-8.842297e-06,-0.00017683869999999998,-8.389429e-05,0.0002039007,-6e-06,3.191044226666667e-05,-3.9084209999999995e-05,-0.00020277412333333334,-2.2397120000000002e-06,-9.469871666666667e-05,5.4000000000000005e-05,4.083222666666667e-05,-3.6197170000000004e-05,-0.0001274073,-0.00021228573666666668,0.000762341121,-4.8247571e-06,-0.0003138393
46,47,2e-06,-6.156880999999999e-05,-0.0001723963,-3.374515e-05,-2.350953e-05,8.172743e-06,3.205991e-05,-1.5117513333333333e-05,0.0002484947,-8.386355999999999e-05,0.00017401509999999997,-7.000000000000001e-06,9.774125933333333e-05,1.655653e-05,0.00012476567999999998,-4.072647999999999e-06,-4.5998900000000004e-05,0.000105,-0.00022997477333333333,-3.96081e-05,-0.0001368165,-0.00013094620999999998,0.0005045500943333334,-6.38030371e-05,0.0002419683
47,48,-1.1e-05,-0.0001740359,0.0003679489,-4.566006e-05,0.00014083379999999999,-0.00010679540000000001,2.6311612866666663e-05,-0.00031145287333333337,0.000449093,-8.347167e-05,0.0001370126,9e-05,0.00011616306333333333,2.0186729999999996e-05,0.00029220909333333334,-3.458646e-06,-4.2925857666666664e-05,5.2000000000000004e-05,-0.00022904253666666667,-3.695611e-05,-0.0001025814,6.247256666666667e-05,0.0004977764,-4.123030506666666e-05,0.0002812874
48,49,-7.000000000000001e-06,-8.690700999999999e-05,0.0005501197,-7.889942e-05,6.263892e-05,-0.0001079948,2.5451512e-06,-0.0006405986866666667,0.000594841,-4.866728e-05,2.447127e-05,0.001141,2.364656333333332e-05,-4.0439870000000004e-05,0.0002660215717366333,-3.107749e-07,-1.0101424e-05,3.7e-05,-0.00023507514333333333,-1.524278e-06,-2.107264e-05,0.0002581533666666667,-5.741819999999999e-05,-7.95415e-06,0.0001854416
49,50,8e-06,-0.0005177528,0.0005514166,-1.152151e-05,0.0001369017,-2.0909459999999997e-05,-6.108895466666667e-06,-0.0014701709000000003,0.001153343,-5.4679169999999994e-05,-8.152114e-05,0.001934,-9.656767e-05,-9.103820999999999e-05,-0.00010303139493003333,-3.7874169999999998e-06,1.2279262666666667e-05,-6.3e-05,-0.0003618016766666667,-4.182044e-06,-2.6636219999999996e-06,0.0003173670333333333,-4.347469766666667e-05,0.0009232993833333333,0.00013571729999999998
50,51,3.3e-05,-0.000373843,4.406024e-06,1.680999e-05,6.985793e-06,3.26422e-05,-5.10763e-06,-0.0016579686666666666,0.0008750847000000001,-5.4907019999999996e-05,3.611261e-05,0.003514,-0.00013388295,-7.100087e-05,-0.00019801107493003334,4.598877e-06,1.788362366666667e-05,2.5e-05,-0.0003523549800000001,-1.009724e-05,1.6672839999999999e-06,0.00013851721666666668,-4.764048766666667e-05,0.0009126900066666666,5.483321999999999e-05
51,52,5.6000000000000006e-05,-0.00048312699999999997,-3.099553e-06,-1.7827739999999998e-05,9.213065999999999e-05,0.0001540712,-2.6480466666666666e-06,-0.0020059493333333335,0.0007666427999999999,-1.1560719999999999e-05,4.332789000000001e-05,0.0032979999999999997,-0.00012249468333333331,5.8894009999999996e-05,-0.00016974856000000001,-1.399955e-06,3.469829333333334e-05,7.000000000000001e-06,-0.00039605605000000006,7.608277000000001e-06,-1.634859e-06,8.772143e-05,-4.129140766666667e-05,0.00072338184,6.85733e-05
52,53,8.2e-05,5.4393819999999996e-05,-4.8142390000000004e-06,-2.081131e-05,4.8923190000000006e-05,0.0001208191,7.398923333333333e-06,-0.0012251533666666667,0.000133789,-5.544046e-06,0.00020293759999999997,0.002639,-6.8614934e-05,2.489522e-05,-8.236812666666667e-05,1.1842560000000001e-05,1.7960858666666664e-05,1.4000000000000001e-05,-1.2630583333333325e-05,9.45741e-06,-1.9625649999999997e-06,-0.00013803573666666666,-5.359178e-05,-0.00023615976000000003,-3.3134259999999996e-05
53,54,9.300000000000001e-05,1.182471e-06,-2.321732e-05,-4.223840999999999e-05,3.2145190000000005e-05,0.0001246916,-4.810611666666667e-06,-0.0009272851666666666,0.0002012175,7.716269e-06,0.000486316,0.001169,-6.6088524e-05,-4.3561679999999997e-07,3.9338565e-05,2.000016e-06,7.589981999999997e-06,0.000181,6.331090000000001e-05,1.423231e-05,1.582682e-06,-0.00022472058666666664,-9.117878333333334e-05,-0.0002885043,-4.949434e-05
54,55,7.900000000000001e-05,2.539972e-05,-2.1764229999999996e-05,5.234798e-05,6.107354e-06,-1.086943e-05,-1.854873e-05,-0.00027104397,9.843894e-05,7.512009000000001e-06,0.0006470283,0.000478,-9.102175733333334e-05,0.0001819898,0.000153150525,6.190834e-06,-6.220792133333334e-05,0.000254,3.891783333333334e-05,-6.3328909999999995e-06,4.486981e-06,-0.0002821715,-0.00010066703,-0.0001414368,7.092232e-05
55,56,1.7e-05,5.556258000000001e-05,0.000852585,6.071204000000001e-05,7.121582e-06,-2.5359479999999998e-06,-3.127234666666667e-05,-0.00023457472666666668,-3.8173179999999994e-05,1.184499e-06,0.0005069445999999999,0.000368,-9.633917333333334e-05,0.0002155816,7.888745833333334e-05,1.8660589999999998e-05,-6.111572266666666e-05,0.00024900000000000004,-1.1494156666666668e-05,-7.033766000000001e-06,4.8110079999999996e-06,-0.00017405199466666668,-0.00015691666666666667,-4.9153785533333336e-05,0.0004451853
56,57,4e-06,-1.282359e-05,0.002016983,6.233866e-05,2.295471e-05,7.695920000000001e-05,-2.4614823333333333e-05,-7.436257666666668e-05,-3.245915e-05,4.133994e-06,0.0001365483,0.00016299999999999998,-7.9547325e-05,0.0002259049,0.00010938961000000001,1.4524749999999998e-05,-5.777404366666666e-05,4.1e-05,-8.302392566666667e-05,-6.028649e-06,4.568992e-06,-0.00015438196133333332,-0.000237573,-8.995903700000001e-06,0.0004047243
57,58,-9e-05,-0.0001301611,0.002592342,1.268221e-05,4.947759e-05,0.0006145303,-3.6965413333333336e-05,-4.123138466666666e-05,-5.588397e-05,0.0001387555,0.0001151244,1.9e-05,-7.649508333333334e-06,3.8447270000000005e-05,0.0001832570433333333,1.856878e-05,-4.666405333333333e-06,9.499999999999999e-05,-1.1219442333333334e-05,-4.510298e-06,4.262103e-05,-0.00020377019466666664,-0.000198908027,0.0002587810296333333,0.0004453004
58,59,-9.6e-05,-8.121415e-05,0.002167779,2.694015e-06,8.695896999999999e-05,0.0006020186,-8.602933e-05,-0.00014436769466666667,-8.071416e-05,0.0001962318,0.0001357393,0.000155,-9.369034999999999e-06,0.0001510892,0.0007100463099999999,-1.3757650000000001e-06,-1.6717589333333334e-05,9.499999999999999e-05,-3.468739333333333e-06,2.383399e-06,0.0001261853,-0.0002505717,-0.00013151299333333334,0.00031540664849999997,0.00017561119999999998
59,60,-8.6e-05,-9.633472e-05,0.001618703,3.4999320000000004e-05,7.203285e-05,0.0003538714,-9.723470666666667e-05,-0.00011875275733333334,-6.419441e-05,0.0001733559,0.00035796010000000003,0.00016299999999999998,-1.2644737666666665e-05,0.00016134709999999998,0.0007353997666666666,5.48823e-06,-7.0438745e-05,0.000251,1.1858079666666665e-05,1.3797819999999998e-06,0.0001206232,-5.414999999999999e-05,-6.938989333333334e-05,0.00032869506999999993,0.0002270834
60,61,3.8e-05,1.772014e-05,0.001253513,3.06038e-05,3.83579e-05,-0.0001754047,-7.043966866666667e-05,-0.00011342489933333334,0.0001055098,4.1759259999999996e-05,0.0002336776,0.00018600000000000002,-8.597302e-06,0.00018065720000000002,0.0005898221666666667,2.372072e-06,-8.106270333333334e-05,0.000151,1.2190926333333331e-05,-3.445989e-05,7.606457e-05,4.759932e-05,-0.00011528569966666668,7.303521233333334e-05,6.136805999999999e-05
61,62,3.9e-05,-6.787161999999999e-05,0.001470955,2.9071e-05,-1.37946e-05,-0.0001676096,3.3214213333333323e-06,1.0032270666666666e-05,0.0001178068,1.684635e-05,0.0001215391,1.6e-05,-3.1823026666666667e-06,6.480675999999999e-05,0.00010036993666666666,4.505031e-06,-8.601721666666668e-05,0.00011599999999999999,-6.441033333333364e-07,-1.0838879999999999e-05,1.529422e-06,-6.250558000000003e-05,-0.00017787493333333332,6.200927899999999e-05,2.943245e-05
62,63,4.3e-05,-9.389159e-05,0.001120184,-2.952128e-06,-1.4986500000000001e-05,5.7484080000000006e-05,7.9822748e-05,9.479916033333334e-06,0.00020347490000000002,-5.2898239999999996e-06,0.0004572908,1.2e-05,2.4084495e-05,7.870524999999999e-05,4.655893299999999e-05,4.880104e-06,-3.5575949999999996e-05,0.000481,-5.680585333333333e-05,-9.694313e-06,-3.628648e-06,-0.0005878709466666667,-0.00011048900933333333,3.5272502333333333e-05,1.940591e-05
63,64,-3.8e-05,-8.76442e-05,0.0009095278,3.336025e-05,-1.200534e-05,6.407502e-05,8.1581638e-05,3.396702433333334e-06,0.000106674,2.6002069999999997e-06,0.0008781529,4e-06,-0.00013613589066666668,5.530419e-05,-3.828987366666667e-05,3.019377e-05,-6.530423e-05,0.000739,-5.073662533333333e-05,3.0426599999999998e-05,1.963183e-06,-0.0009835105,-9.710842666666656e-06,3.1941748733333334e-05,0.0001336669
64,65,-3.8e-05,-4.692848e-05,0.00024804330000000003,3.876085e-05,-1.602649e-05,0.0005887023000000001,6.552708e-05,-3.298749423333334e-05,0.00010702280000000001,-2.189723e-05,0.001217155,-2.7000000000000002e-05,-0.00014213135000000002,5.5996359999999995e-05,-0.000338619977,3.570304e-05,-4.7728155333333335e-05,0.0010710000000000001,-3.137632533333333e-05,-5.663784e-06,-6.316329e-07,-0.0010309641666666667,0.00021365319066666668,-1.615114493333333e-05,0.0002418575
65,66,-6.1e-05,4.8086090000000006e-05,-1.570835e-05,8.939025e-05,1.540078e-05,0.0011649660000000001,5.915063666666666e-06,-0.0006175117602666666,-4.101319e-05,-1.2957460000000001e-05,0.0009044531,0.00028700000000000004,-0.00017095240433333335,-2.386196e-05,-0.0005197516066666667,3.4077270000000004e-05,-8.200448866666666e-05,0.000743,7.666427466666667e-05,-6.563423e-06,-4.770245e-06,-0.0008944148333333334,0.00021776573,2.5583228399999996e-05,0.00019881520000000001
66,67,-5e-05,4.596844e-05,3.11966e-06,5.963064e-05,3.473937e-05,0.001223315,-1.7419694333333335e-05,-0.0006172884869333333,-5.613185000000001e-05,-4.255901e-05,0.0005540299,0.000307,-7.213390433333332e-05,-4.2998359999999995e-05,-0.0005193029100000001,6.183518e-06,-3.9709709666666675e-05,0.00053,6.899969333333334e-05,1.361594e-05,-2.792618e-05,-0.00048490090633333333,0.00021808943,0.00012692383966666666,7.720198000000001e-05
67,68,-1.8e-05,8.954649999999999e-07,-8.243935e-06,5.614319000000001e-05,7.352741e-05,0.001112972,-1.8991990633333334e-05,-0.0005831301096,-5.823062e-05,-9.192185e-05,0.0002979195,0.000349,-7.006648099999999e-05,-0.00018200830000000002,-0.0003381469433333334,-2.398425e-06,-3.668422066666667e-05,0.00022999999999999998,7.738664666666666e-05,1.852193e-05,-5.570603e-05,-0.00030628841633333336,0.00016076769666666666,0.00019334853333333331,-0.0001432932
68,69,-2e-05,-0.0001509744,0.0001810303,-3.061766e-06,0.0001221331,0.0004661138,-0.00010562940763333334,9.53623904e-05,-8.37829e-06,-6.970322e-05,0.0003475061,3.6e-05,-9.830725e-05,-0.00038509629999999997,-0.00015798399766666664,-1.8671e-06,-1.0882400000000037e-07,0.000199,1.08711172e-05,1.809066e-05,9.200879999999999e-05,-2.843851323333334e-05,0.00015259837799999997,0.00044263906666666664,-0.0002130282
69,70,8.1e-05,-9.109823e-05,0.0001612774,-1.1826660000000002e-05,7.298344e-05,0.0006813644,-0.00046652533096666664,0.00014393805066666667,-8.615999e-06,0.0001291908,0.0003039869,-8.8e-05,-9.577101666666667e-05,-0.0001309014,-0.0003816689543333334,1.726997e-05,-7.022436333333333e-06,0.000154,0.0002900673738666667,-1.50846e-06,0.0002867867,-2.866550223333334e-05,7.680616133333331e-05,0.00031227294999999994,2.8447620000000003e-05
70,71,0.000106,-4.9529090000000006e-05,0.0003117636,1.066595e-05,-2.171824e-05,0.0002867006,-0.0005374687666666666,0.00010457696666666669,-9.024093e-06,0.00010818959999999999,0.0004534221,-0.00011100000000000001,-0.00016600042,3.137001e-05,-0.00023903247360000004,3.731692e-05,4.4591329999999996e-05,0.000452,0.0002791350538666667,-3.236438e-06,0.0002207439,-7.756229223333334e-05,-2.407977343333333e-05,0.00023286015999999997,0.00032917360000000003
71,72,0.00015800000000000002,1.070067e-05,0.0001390455,1.874317e-05,-7.123083000000001e-05,0.00030844689999999996,-0.0005189344666666667,-8.713416666666664e-05,2.4069720000000002e-05,0.00020122279999999998,0.001464488,-0.00011999999999999999,-0.00017056203333333332,0.0002922761,-4.0160319266666695e-05,4.2198270000000003e-05,6.983923333333333e-05,0.0013289999999999999,0.00027514740000000003,-3.6626870000000006e-07,0.0001431391,-0.0011566801953333333,-1.6225754766666665e-05,-5.475594666666667e-05,0.00048035620000000005
72,73,9e-05,-4.798643e-05,0.00014154450000000002,-0.0001508867,-3.582887e-05,-0.0004307265,-0.0002474060666666667,-0.0018552444666666667,1.517411e-05,0.0002141367,0.002131811,0.002841,-0.00011636610000000001,-6.751831000000001e-05,0.0016413108140666665,2.468556e-05,0.0003445821333333333,0.0017219999999999998,-5.642239999999999e-05,6.328235999999999e-05,0.00011423709999999999,-0.0016684628,-7.0711581e-06,-2.605814433333333e-05,0.0001823066
73,74,3.4e-05,-2.5659369999999998e-05,7.3046209999999994e-06,-0.0002847295,5.421393e-05,-0.0006166793,-0.00021057983333333335,-0.0019388876666666666,1.973812e-05,0.0002563046,0.002744806,0.0029530000000000003,-0.00014184693333333333,-7.486923000000001e-05,0.0017889587666666663,4.292437e-06,0.00017461416666666668,0.0020440000000000002,-5.214978666666666e-05,9.409421999999999e-05,0.0001892919,-0.002220812,1.3117600000000005e-06,-4.5950621e-05,0.00013297719999999998
74,75,5.6999999999999996e-05,5.981064e-05,5.393206e-05,-0.0002841848,3.18656e-05,-0.0006495489,-0.00015726538,-0.0018665270400000003,-1.017931e-05,0.00018967740000000002,0.001294682,0.002947,-0.00011417852333333335,-9.106731e-05,0.0015818588399999997,4.4401040000000004e-07,0.00014514113666666664,0.0007030000000000001,-2.3352176666666664e-05,9.086764000000001e-05,0.0001342835,-0.0013218981666666667,-8.056237e-05,-3.4068297999999995e-05,9.659115e-05
75,76,0.000134,3.56357e-05,1.8749270000000002e-06,-0.0001164015,8.974841999999998e-05,-5.040819e-05,-0.00011271824666666667,-0.0004750755066666666,-9.144043e-05,0.00012098049999999999,0.0007825042999999999,0.000685,-0.00012173936999999999,0.00015451159999999999,0.00013699746266666665,-1.1879549999999999e-05,-0.00012439431500000002,0.000449,5.1265880000000005e-05,1.8825270000000002e-05,6.845142e-05,-0.0010615841333333333,-6.71831626e-05,-1.9991067e-05,0.0004224507
76,77,8e-05,5.453063e-05,0.00046021209999999997,-3.236205e-06,7.416648e-05,0.00010842399999999999,-8.043692766666667e-05,-0.0009523894733333332,-0.0001289296,0.0001474324,-3.746591e-05,0.002501,-2.1856897333333332e-05,0.0004251271,-4.8905304e-05,-1.2681769999999999e-05,-1.5129991666666666e-05,-0.000213,-8.646395000000001e-05,-8.640607e-06,7.163802e-05,-0.00046436937333333334,-0.00010746517593333333,-6.217656700000001e-05,0.0005855793
77,78,1.8e-05,0.00048337040000000003,0.002320308,0.00033624370000000003,7.499589e-05,0.0001300039,-0.0016347134476666664,-0.0008990702100000001,7.564612e-06,0.001309573,0.0001291234,0.002525,-0.00016621440733333333,0.00042629550000000005,-7.492667733333332e-05,-1.48506e-05,-0.000513534195,0.000122,-0.00013716615,-3.1224570000000004e-05,0.001444242,-0.00031096956,-0.0007540413426,-0.00017346645,0.0007367780999999999
78,79,-5.6999999999999996e-05,0.0006478338,0.0033731359999999997,0.0019782470000000003,1.860056e-05,0.00022500110000000002,-0.001587072311,-0.0005345246433333333,0.00038990199999999997,0.00118631,-5.446503e-05,0.001849,-0.0002812519273333333,-0.00018251619999999999,8.03846666666667e-06,-5.334056000000001e-06,-0.002361621276666667,-3.8e-05,-0.00045803334,-0.0001775832,0.001432672,-8.058381666666666e-05,-0.0018082481966666668,-0.00019214016000000002,5.579944e-05
79,80,-0.000834,0.0006368551999999999,0.002702804,-0.0001311387,5.016356e-05,0.0005754486,-0.0016045592666666666,0.00040362269,0.000336894,0.00118158,3.061389e-05,-0.00023799999999999998,-0.0012356068333333333,-0.00036629690000000004,7.000141000000001e-05,-5.370048000000001e-06,-0.0046522329999999995,2.9999999999999997e-05,4.2526793333333325e-05,0.0005886787,0.001381742,-0.00022737994333333332,-0.002319353666666667,-0.00012135549,-0.0001374239
80,81,-0.0008060000000000001,0.0003388239,0.001045784,0.0005829693,1.758117e-05,0.00100694,-3.6865649200000006e-05,0.0010913397666666668,0.00020348099999999999,-8.824180999999999e-06,3.5301009999999994e-05,-0.000546,-0.0017095448,-0.0005445109,0.00016171937666666666,3.630309e-06,-0.005153974,4e-06,3.692771000000001e-05,0.0005499524,5.18068e-06,-0.00019670470333333333,-0.0018171961333333332,-9.917839e-05,-0.00035759839999999996
81,82,-0.000541,0.0001985924,6.960211e-05,0.0003080707,9.073651e-06,0.0006485343,-2.76461392e-05,0.001457880666666667,-8.791578000000001e-05,-3.17819e-05,3.5369109999999994e-05,-0.00075,-0.00248145,-7.476880999999999e-05,-8.106265666666666e-05,4.8655889999999995e-06,-0.005171700666666667,5e-05,0.00032520112,0.0005596248,-6.249284e-05,-0.00018443940333333334,-0.0008916373666666666,-7.612250333333333e-05,5.2514799999999994e-05
82,83,0.000766,0.0001772257,0.0003883885,0.003528007,-2.382781e-05,0.0003616598,-0.00013285626919999998,0.001310850166666667,2.4388389999999998e-05,5.195181e-06,0.00017152630000000002,-0.0007030000000000001,-0.0025858463333333337,-7.306515999999999e-05,-0.00010489581577766666,5.889661e-06,-0.0038298173333333337,0.000146,-9.662461333333331e-05,-0.0002535597,9.804756999999999e-05,-0.00010057530333333332,-0.00044346759999999995,-5.413107e-05,-2.562546e-05
83,84,0.000798,-0.0001271589,0.00026691270000000003,0.0024916120000000003,0.0001456559,0.00017331689999999997,-0.00013243967063333333,0.0018517135,0.0001845846,1.1702950000000001e-05,0.0001259306,-0.000981,-0.002635097,0.0001039117,-0.00019037972911100002,-9.722505e-06,-0.0027428848666666665,0.000127,-0.00027555452333333333,-0.00022035099999999998,9.810617e-05,-0.00011940995333333334,-0.0004983027,8.045079666666667e-05,3.91748e-05
84,85,0.00040300000000000004,-2.7402529999999996e-05,0.0002542184,0.00103145,0.00019995330000000002,0.0009936345,-0.00011388137063333331,0.0018276931666666666,0.0002238808,-2.7904749999999997e-05,0.00012671280000000002,-0.0008869999999999999,-0.0021501736666666668,0.0001034534,-0.00014173439577766666,-1.372486e-05,-0.0006321666333333333,0.000103,-0.0001947301,-4.088755e-05,6.494023e-05,-0.000111969358,-0.0004213796,4.210155333333334e-05,4.2771140000000004e-05
85,86,-6.6e-05,6.591068e-05,0.00012045110000000001,-0.00011945110000000001,0.0002123804,0.001194695,3.8016627000000006e-06,0.0017029472333333334,0.0001965503,-7.731755e-05,-1.930073e-05,-0.000779,-0.0012187879666666669,3.160524e-05,-0.00022069764666666667,-1.320432e-05,0.00029968797666666674,-1.7e-05,-3.7011499999999996e-05,2.101562e-05,-7.985366e-05,-7.436115800000001e-05,-0.0002905567666666666,2.7120562333333328e-05,7.3536429999999995e-06
86,87,-0.000134,0.00024426790000000003,-5.052063e-06,-0.0001154656,0.0001047591,0.001153542,3.5634053000000002e-06,0.0006558924333333335,7.33699e-05,-7.596956e-05,0.00029788080000000004,-0.00022999999999999998,-0.0005703855733333333,3.5555609999999996e-05,-0.00019094942086666668,-1.258415e-05,0.00020814623666666671,0.000254,0.00017344050393333337,4.91429e-05,-7.985430999999999e-05,-0.0003219665946666667,-1.3582333666666664e-05,-1.8556391666666666e-05,0.0001083468
87,88,1e-05,0.000147164,-4.188497e-05,-1.938438e-05,8.795174000000001e-05,0.0004628887,-5.2061374700000006e-05,0.0018221081,1.5522239999999998e-05,1.510309e-05,0.0003491806,-0.000484,-0.00022112824,0.0001337655,-7.942928153333334e-05,-8.080798e-06,-4.082812e-05,0.000335,0.00011050884593333336,1.714422e-05,-2.6643590000000003e-05,-0.0003186886436666667,0.00013070966633333333,-4.2867674999999994e-05,0.000170587
88,89,9.4e-05,5.037689e-05,-4.347933e-05,1.3464720000000001e-05,9.679524e-05,0.00026629759999999996,-8.224200803333333e-05,0.0023757788666666666,0.0001418027,5.4619280000000006e-05,0.0003106789,-0.000901,-0.00014502027333333333,-5.5886940000000005e-05,9.124335133333334e-06,-1.213655e-05,-5.066913e-05,0.000294,2.160547926666667e-05,6.0406039999999995e-06,5.250575e-05,-0.00017669494366666667,7.0506063e-05,-4.3381625966666674e-05,5.246376e-05
89,90,2.5e-05,-3.464572e-06,-4.3593640000000005e-05,2.804302e-06,0.0001683675,7.185014000000001e-05,-8.272452133333333e-05,0.0024634316666666666,6.189017e-05,4.9004319999999996e-05,-4.1616779999999996e-05,-0.001017,-9.904916666666665e-05,-6.07595e-05,0.0001486250226666667,-1.56125e-05,-3.9451853999999995e-05,-0.000199,5.495470866666667e-05,-2.399081e-05,5.106822e-05,0.00013947075633333333,5.8272933333333336e-05,-0.00016892290529999998,-4.462209e-05
90,91,6.1e-05,-7.031767999999999e-06,1.373745e-06,1.178489e-05,0.0001991572,7.262167e-05,-1.6324879999999978e-06,0.001502488,4.7189609999999994e-05,2.225857e-05,-3.822958e-05,-0.000758,-1.4341579999999997e-05,-0.0001635284,0.00015216208466666667,-2.227041e-05,-6.016537733333333e-05,-0.000229,0.00015030073333333334,-3.5372350000000004e-05,4.30761e-05,9.708819999999998e-05,-1.3687619999999996e-05,-0.00012967534863333332,-0.00011049780000000001
91,92,-0.00010700000000000001,-9.774679e-06,5.502923e-06,1.2676989999999998e-05,0.0001522777,-5.43264e-05,6.302464533333333e-05,0.0010765692000000002,-7.291654e-05,-5.0515089999999994e-06,-0.0003256945,-0.000434,0.00014470115333333334,-8.476226e-06,0.00036215333466666665,-1.8028120000000002e-05,-2.4268280666666668e-05,-0.0005679999999999999,5.997873333333332e-05,-4.436526e-05,-2.938552e-05,-0.0003680931,2.2395453333333334e-05,-0.00013476688666666666,2.7476390000000003e-05
92,93,-3.8e-05,0.00018275209999999998,-0.0002589705,-5.949136e-06,3.798956e-05,-6.426275e-05,5.7863726666666664e-05,0.0008226408333333332,3.9767540000000004e-05,-1.994373e-05,0.001275107,-0.000338,8.852851999999999e-05,-6.79158e-06,0.00020878663466666666,-1.24849e-05,-3.859813333333334e-06,0.000335,1.704149e-05,-7.790190999999999e-06,-2.5800170000000002e-05,-0.0013293952666666668,0.00015751531666666668,-8.886915333333333e-05,9.092958000000001e-05
93,94,-3.4e-05,0.0002266263,-0.0003668286,-3.7358649999999995e-05,4.982342e-05,-4.048761e-05,1.4076789999999998e-05,0.00022566644666666667,8.950773e-05,1.3883090000000002e-06,0.0020309779999999997,-0.00014099999999999998,9.851390666666667e-05,4.814371e-06,0.00016936803333333334,-1.4890029999999998e-05,-7.389793333333332e-05,0.000875,-9.693622333333333e-05,3.0259659999999998e-05,-3.319427e-05,-0.0017196779999999999,0.0001919881366666667,-0.00020888784333333334,8.499028e-05
94,95,-0.00019099999999999998,0.0004192981,-0.0003012189,-1.543325e-05,7.340813e-05,9.071037e-05,-0.00017378321,5.745989333333333e-05,9.674280999999999e-05,1.495161e-05,0.0035210109999999997,-1e-05,0.00016122437333333334,0.0001064374,-5.302670466666667e-05,-6.1427739999999996e-06,-9.620108333333333e-05,0.0021,-6.895332333333334e-05,2.7429590000000002e-05,4.5514629999999995e-05,-0.0021116863333333334,8.73933666666667e-05,-0.00020302015466666667,0.00033991059999999995
95,96,-0.0004980000000000001,0.00016441389999999998,-0.0001157582,9.101248e-05,0.0001370709,0.00022850580000000002,-0.00041357930333333335,2.729915666666667e-05,2.427069e-05,0.0002548901,0.00203718,6.2e-05,0.00048726214000000006,0.00010629870000000001,-7.1433128e-05,-1.028307e-06,-1.3903886666666654e-05,0.001525,1.8620866666666717e-06,2.22624e-05,0.0003000151,-0.0012555228333333333,0.00018789573333333336,-9.807383800000002e-05,0.0003117113
96,97,-0.000499,8.092239000000001e-05,0.0001339139,3.583066e-05,4.782992e-05,0.0002465036,-0.0007674984333333334,5.190136e-05,5.632274e-06,0.0006236783999999999,0.001951024,2.8999999999999997e-05,0.00045400556666666666,-2.1949369999999998e-05,-3.002479133333333e-05,1.4813529999999998e-05,0.00019067221333333333,0.001801,1.8006066433333335e-05,1.231266e-05,0.0006991842,-0.0002955068333333334,0.0001663272,0.00016913529533333334,0.0003110391
97,98,-0.000169,-0.0001193093,-0.0001791825,6.790063e-06,5.017693e-05,0.0001725341,-0.0021454902333333335,-7.502232000000001e-05,-0.0001362177,0.001588485,0.000509888,9e-06,7.244166666666688e-06,-0.0001271019,-7.069418666666666e-05,1.165088e-06,0.0002501616,0.000616,0.00011660239976666666,4.279675e-05,0.0016366520000000002,0.0006652455000000001,0.0010578205666666666,0.00015888629333333333,3.103458e-05
98,99,7.7e-05,0.000212882,7.013822e-06,-0.0002616762,6.81768e-06,4.053225e-05,-0.0036432736666666666,-8.923599133333334e-05,-0.0002090862,0.002300827,0.000104088,-2.1e-05,-0.000280178552,-0.00011324379999999999,-3.1323633333333326e-05,2.380686e-05,0.0003451208,-0.000264,-0.00018836053356666667,0.00012270680000000002,0.0027015959999999997,0.0010054362,0.0007421986666666667,5.749544333333333e-05,8.642173e-05
99,100,2.2e-05,0.0002342359,-7.027656999999999e-05,-3.210512e-05,1.348751e-05,6.621448e-06,-0.0033302971333333334,-0.00014871017466666666,-0.00020848330000000002,0.001986245,-0.0007497844,1.8e-05,-6.396345200000003e-05,8.965786e-05,-5.2240989999999996e-05,3.6595770000000004e-05,4.61434e-05,-0.001521,-0.00030965113333333334,6.743425999999999e-06,0.002303671,0.0005059003033333334,0.0006311893,-8.862448e-05,0.0002292657
100,101,-0.000207,0.0005707011,0.0016408120000000002,-5.583354e-05,1.775701e-05,4.593212e-05,-0.0043157798,-5.1274408e-05,0.0005584384,0.002142652,-0.0007875114,0.000109,-1.2713085333333343e-05,0.0001282811,4.607309999999999e-06,4.8183420000000005e-05,-1.9066500000000005e-05,-0.0018440000000000002,-0.0006939378666666666,4.121532e-05,0.00367694,0.0006017592033333333,-0.0006845687000000001,-0.00010457248333333335,0.0002954659
101,102,-9.7e-05,0.001130065,0.002900087,0.001219465,1.879543e-05,-5.77746e-06,-0.005878986466666666,-5.070631500000001e-05,0.001095278,0.0031030809999999997,-0.0004865228,0.00011399999999999999,-0.0001306551,0.0006238025,1.420823e-05,3.9285050000000004e-05,-0.0018860693666666666,-0.001129,-0.0009681406666666668,-0.0001314551,0.005500148000000001,0.00028127681666666665,-0.0015723644333333333,-0.00010941091666666667,0.0009716104
102,103,9e-06,0.001034753,0.003047367,0.002575254,2.965025e-05,1.371115e-05,-0.006657013666666666,-0.00010413078166666665,0.001085828,0.003599168,-0.000424879,0.000136,-0.0011449939333333335,0.0008093605,1.847504666666667e-05,1.801842e-05,-0.003401558966666667,-0.000869,-0.0008477752326666667,-0.00017598509999999998,0.006211426999999999,0.0002493204866666667,-0.0012702735333333332,8.051006666666662e-06,0.001264072
103,104,0.000327,0.0006951716000000001,0.001487071,0.0029641479999999998,0.0001292961,-1.578773e-05,-0.006460506,-0.00011728768499999998,0.001028095,0.003615948,-7.069064e-05,0.000101,-0.0019601034333333336,0.0003298857,-2.9668319999999997e-05,1.114749e-05,-0.0037832723333333334,-0.0002,-0.0005709945326666668,-0.0002746825,0.0056503280000000005,-7.001418e-05,-0.0009956873333333332,3.147620166666667e-05,0.000856518
104,105,0.00016999999999999999,5.109467000000001e-05,-0.0004402056,0.0025909039999999998,0.00011261,0.0016477170000000001,-0.005081950666666667,-0.00013648217333333334,0.0005630775,0.002251134,6.758832e-05,4e-05,-0.0019587576,0.00013149170000000001,-0.00036161270333333334,9.462757e-05,-0.0031523630000000005,-7.099999999999999e-05,-6.663404266666667e-05,-0.00037125559999999996,0.0035189759999999996,-5.218479666666667e-05,0.0003471976666666666,0.00010975931166666667,0.0003809683
105,106,3.1e-05,0.0003487595,0.001622351,0.00160177,-0.0001230095,0.0036555109999999997,-0.0041740806,-4.2326206666666664e-05,0.001989072,0.001534601,0.00033543529999999997,-1.3000000000000001e-05,-0.0013791107666666668,0.0002816018,-0.0005129673,0.0002130845,-0.0021013453333333337,0.000285,-0.0006467674766666667,-0.000272559,0.00274998,-0.00016970417,0.0011336548666666666,-3.565848166666667e-05,0.0005916451
106,107,2e-05,0.00040934209999999996,0.0007562730999999999,0.002763489,-0.0002209888,0.003935620999999999,-0.0018467623563,-5.058944666666666e-05,0.001451464,0.0003677364,0.0002793352,-9.9e-05,-0.0006917207666666666,0.0007281868,-0.0005797598,0.0002186229,-0.003649716666666667,0.000334,-0.0005752300833333333,-0.00026683319999999997,0.0009557078,-0.00013767367733333332,0.002778100333333333,-5.2975350000000004e-05,0.0009493462
107,108,0.000296,0.0002913447,0.001311319,0.0020555079999999997,-0.0002290339,0.002319457,0.00029916611036666667,-0.00015836714333333334,0.001500803,-0.0008613132000000001,0.0002172707,-1.8e-05,-0.0014923165,0.00039729129999999997,-0.00029163904,0.00012432870000000001,-0.0025927444900000003,0.000336,-0.00050479684,-8.591978999999999e-05,-0.00023726830000000003,-0.00017287194066666666,0.002411911283,-8.049589000000002e-05,0.0006413327
108,109,0.000484,0.0001814764,-0.001034006,0.0013566329999999999,9.658002e-06,2.7689870000000002e-05,0.00028413677703333334,-0.00016214264,0.000110162,-0.0008123253,9.238431000000001e-05,-2.1e-05,-0.0011013733,-1.945549e-05,-0.00042673727333333335,8.774340999999999e-06,-0.0018230792566666669,0.00024300000000000002,6.255309666666666e-05,0.00011478979999999999,-0.0001830807,-0.00011330137399999999,0.0014007003631333335,-8.705423e-05,1.8046549999999999e-06
109,110,0.000307,0.0001532726,-5.1154709999999994e-05,-0.00018984990000000003,2.408289e-05,0.0007097149,0.00035915500000000005,-0.00016122398,3.706101e-05,-0.001228088,9.240136000000001e-05,-9e-06,-0.0007412116833333334,-2.8180440000000005e-05,-0.00042734890666666663,9.267747000000001e-06,0.00010331716666666666,0.000117,4.0535052999999996e-05,0.000251585,-0.00031742799999999997,-0.00011955206666666668,-1.0564156866666665e-05,-6.222857333333332e-05,-3.268036e-05
110,111,-0.00037,1.9750839999999997e-05,3.650725e-05,-0.0002137061,3.16316e-05,0.001025778,0.00015697250333333333,-0.00024893414666666663,-1.4220429999999999e-05,-0.0005317804000000001,7.641889000000001e-05,-3e-06,0.0005119079833333333,-8.252075e-06,-0.000590823,4.683565e-06,8.442693166666669e-05,5.9999999999999995e-05,-1.6432216866666668e-05,0.0002605021,-0.0001379613,-7.655899333333333e-05,-3.615229986666667e-05,-2.037333e-05,-3.7957020000000004e-05
111,112,-0.000686,-8.425983e-05,0.000118176,-3.218997e-05,1.9877029999999998e-05,0.00128203,0.00011479626,-0.000238002878,-4.9660859999999995e-05,-0.0006129398999999999,1.148269e-05,2.9999999999999997e-05,0.0005066247833333333,1.931596e-05,-0.0002363386,8.618217e-06,-2.7131581666666667e-05,-5.9999999999999995e-05,-3.1560350200000003e-05,0.00011983069999999999,-0.0001924831,1.9324673333333334e-05,-8.935381333333334e-05,0.00016594783666666667,-4.549267e-05
112,113,-0.000794,-9.101657e-05,0.00033893540000000003,-4.127657e-05,1.3365129999999999e-05,0.0002815338,-0.00010051274000000001,-0.00021489506520000002,-0.00029418310000000003,-0.0004824286,1.405836e-05,6.1e-05,0.0005014299943333333,9.490258e-05,-0.00010262743999999998,-5.459474e-07,4.8258261666666665e-05,1.9e-05,1.278670013333333e-05,9.057586e-05,-0.0001693324,3.0762563e-05,-0.0001505553266666667,0.00015839830766666666,5.869186999999999e-06
113,114,-0.000304,1.441885e-05,0.0002618959,-6.458440999999999e-05,1.6362739999999998e-05,-5.909189e-05,-0.00019653847666666668,-9.0290152e-06,-0.00029112619999999996,-0.0004141958,1.33498e-05,3.8e-05,0.00015140168766666665,0.00011899290000000001,9.880479999999999e-05,-5.693717e-06,6.564650333333333e-05,1.4999999999999999e-05,3.526593e-05,9.202399e-05,-5.365428000000001e-05,3.968945966666667e-05,-0.00012377183420000002,0.00014516487653333334,1.59126e-05
114,115,-0.000332,4.3896859999999994e-05,0.0002271139,-0.0001242069,0.0001292787,-5.287764e-05,-0.00022987966000000005,-1.0080963533333334e-05,-0.0003089287,-0.00020191380000000002,0.0001099759,3.1e-05,-3.451740566666667e-05,9.343954e-05,5.05052e-05,-1.890334e-05,7.885497e-05,5.4000000000000005e-05,6.42273338e-05,0.00022047119999999998,1.442446e-06,5.831578666666667e-06,-0.00013337190086666669,1.4788419866666665e-05,3.243657e-05
115,116,-0.000314,5.8495930000000006e-05,-8.513484e-06,-0.00016349059999999998,0.000128682,-5.637019e-06,-9.124810233333335e-05,2.2755857e-05,-3.971961e-05,0.0001034334,0.0002123343,2.7000000000000002e-05,-4.032003333333334e-05,-3.0819290000000003e-06,2.2514736666666668e-05,-1.514675e-05,4.393147e-05,0.00017900000000000001,-2.309193286666667e-05,0.0001537795,0.00011799819999999999,4.706465566666666e-05,-0.0001032406342,1.91584602e-05,-3.867008e-05
116,117,-0.00044500000000000003,1.217227e-06,-1.1963110000000001e-05,-0.0001823502,0.000197561,2.0573470000000003e-05,-1.4362865666666667e-05,0.000107332507,-5.0430010000000004e-05,2.9878959999999997e-05,0.0002116386,2.6000000000000002e-05,-7.024952666666667e-05,-4.385509e-05,1.6798756666666665e-05,-1.1859160000000002e-05,5.7842383333333344e-05,0.000188,-5.4111072866666664e-05,0.0002203768,1.93974e-06,4.477694906666666e-05,-9.317535666666666e-05,2.7626124666666665e-05,-0.0001604713
117,118,-0.000357,-1.5148260000000001e-05,-4.353339e-05,-0.0001476888,9.863734000000001e-05,-0.0002055021,-1.9972265666666666e-05,0.00024541814999999996,-2.617184e-05,-5.494480999999999e-06,0.0001239803,-4.2e-05,-3.45812e-05,1.190996e-06,7.262355666666666e-05,-4.429816e-06,1.0546026666666673e-05,0.000155,-1.3123813333333338e-05,6.980614e-05,2.650839e-06,4.2254376399999994e-05,-7.285366666666742e-07,9.384311333333332e-06,4.041411e-05
118,119,-0.00031099999999999997,-4.5598329999999995e-05,-3.493815e-05,-0.00016253870000000002,0.00011886290000000001,-0.0002232359,1.4646016666666665e-05,0.00024068003000000002,-3.5752409999999997e-06,9.334501e-06,2.374679e-05,-0.000121,3.687199999999999e-05,2.9617890000000002e-05,0.00018705169333333335,-7.943906e-06,7.272152666666668e-05,2.1e-05,3.397986266666666e-05,9.500384e-05,1.1214929999999999e-05,-4.125049933333334e-06,3.145717666666666e-05,-8.988176666666669e-06,7.258358e-05
119,120,-0.00016999999999999999,6.355466e-05,-3.6339159999999996e-05,-0.0001403589,4.853455e-05,-0.0002297218,3.347516333333333e-05,0.0001666558266666667,-8.326607e-05,-8.768123999999999e-05,-1.07496e-06,-0.000128,9.526719666666664e-05,4.865344e-05,0.00018163350092633335,-2.84495e-06,4.316653446666667e-05,-1.2e-05,6.603954933333332e-05,2.593471e-05,-8.126005e-06,-6.898786666666667e-06,-1.3206966666666676e-05,-4.6018136666666664e-05,0.0002076382
120,121,2.7000000000000002e-05,0.00014698629999999999,0.00010946040000000001,-0.000110436,6.456875e-05,6.157724e-05,0.00012184992333333334,5.801116666666664e-06,-6.129884e-05,-0.00021023490000000002,-2.2396479999999997e-05,-0.00011599999999999999,8.595446999999999e-05,1.932664e-06,0.000106887677593,-6.449811e-06,7.078841813333334e-05,-4.5e-05,7.2964116e-05,3.399409e-05,-0.000197923,-1.9984722999999998e-05,-8.793922000000001e-05,1.3632966666666675e-05,-4.567180999999999e-05
121,122,-0.000123,0.00016853700000000002,0.0001077673,1.7799649999999998e-05,5.409075e-05,6.247106e-05,8.492271666666667e-05,-5.399289000000001e-05,-9.606803e-05,-0.0001978186,-0.0001245373,-6.7e-05,0.0002021350033333333,-8.045971999999999e-05,-1.1168246840333333e-05,-1.37458e-05,-2.827322466666666e-06,-0.000139,7.165240723333333e-05,4.346723e-06,-0.0002029184,-3.663811e-05,-0.00011226252,3.035919866666667e-05,-8.990283000000001e-05
122,123,-0.00019099999999999998,8.247692e-05,0.00010792770000000001,6.324456e-05,2.56209e-05,9.166993e-05,4.080424000000001e-05,-4.707222666666667e-05,-0.0004091431,-5.193729e-05,-9.900711999999999e-05,-6.1e-05,0.00019144574666666667,-0.00013052299999999998,-4.818808109999999e-05,-1.5548139999999997e-05,-0.00010148366026666668,-0.000109,-0.00015134879943333335,-5.646273e-05,-0.0001492601,-3.4756116e-05,-7.8849531e-05,9.847397866666666e-05,-9.084533000000001e-05
123,124,-0.00042699999999999997,-1.210519e-06,-2.14943e-06,3.1084879999999996e-05,-2.090751e-06,9.451282999999999e-06,-2.788316333333334e-05,8.931358333333334e-05,-0.00042431099999999997,9.623482e-05,-0.00018011029999999998,-0.000288,0.0002567771066666667,-0.0001169774,-2.7192937766666664e-05,-2.4147199999999998e-05,-0.00012039038393333336,-0.000109,-0.00019956037580000003,-1.292784e-05,4.219433e-05,0.000131044674,-6.9927331e-05,4.255709466666666e-05,-4.7648720000000005e-05
124,125,-0.000349,-7.711126e-05,-5.617451999999999e-07,-1.031214e-06,9.911138999999999e-06,1.799412e-05,-3.3424290000000004e-05,0.00012188034433333334,-0.0004383285,2.3884539999999997e-05,-8.255548e-05,-0.00025,3.581690666666666e-05,-6.947335e-06,-2.546918433333333e-05,-1.5119849999999999e-05,-0.00012200579733333333,-6e-06,-0.00022028974636666666,-5.3549080000000004e-05,-2.115616e-06,0.00015040253466666665,-2.7586904333333336e-05,3.8312849333333334e-05,1.951861e-05
125,126,-0.000252,-6.25591e-05,-3.457524e-06,-1.776661e-05,2.059183e-05,-8.285575999999999e-05,-4.3473596666666665e-05,0.00011813896100000001,-3.073251e-05,-0.0001308413,-0.0001442077,-0.000133,-1.5592833333333338e-06,0.0001173906,0.00010447088233333332,-1.375634e-05,-2.5746727333333336e-05,-9.300000000000001e-05,0.00035479555363333333,2.187506e-06,-5.5193549999999996e-05,0.000222936814,-1.7287433333333344e-06,-2.051662333333334e-06,1.8896629999999997e-05
126,127,-4.9e-05,6.713852e-05,-3.594348e-06,1.5971610000000002e-05,6.225953e-05,-0.0001414058,-0.00012075219333333334,-4.0120139e-05,-0.0003879515,-0.000118148,-6.377997e-05,0.000196,-0.0001250262833333333,9.961867e-05,8.741194566666664e-05,-1.746406e-06,-9.748700666666665e-06,-7.7e-05,0.0008339477633333333,-4.879464e-05,2.0130020000000003e-05,7.21166696e-05,4.201269666666667e-05,-6.155454499999999e-05,5.887253000000001e-07
127,128,7.3e-05,0.0001282887,-7.933748000000001e-05,5.4506230000000005e-05,-0.00034795489999999996,-0.0002203104,-0.00011364996366666667,-4.1267017666666676e-05,-0.0003186275,-9.733815e-05,-6.485495e-05,0.000196,-9.710057666666665e-05,7.373036e-05,7.578396999999999e-05,2.530022e-05,-9.847824666666668e-05,-9.2e-05,0.0008752170733333332,-1.964638e-05,4.487531e-05,3.8063522266666666e-05,0.00020722859,-5.7884524586666664e-05,-2.9814390000000003e-05
128,129,5.2000000000000004e-05,0.0001633471,-7.906131999999999e-05,3.472602e-05,-0.00039137730000000004,-0.0001675212,-7.501243386666668e-05,-1.5059284333333341e-05,-0.0003381814,1.57616e-05,4.971548e-06,-4.8e-05,-9.403199666666665e-05,-7.969267e-06,-2.1793489999999997e-05,2.414906e-05,-6.583175333333334e-05,-2.4e-05,0.0004930427933333333,-1.188004e-05,6.642769e-05,-3.386172194666667e-05,0.00018095628800000004,-4.5348606253333336e-05,-8.136264e-05
129,130,-9.9e-05,5.263084e-05,-8.648242e-05,3.728283e-05,-0.00034767639999999997,-0.0001080955,-2.2139479000000002e-06,3.6695455666666664e-05,-4.173276e-05,-8.154123e-06,2.5867060000000002e-05,-0.000122,-7.132188e-05,-4.170838e-06,-9.368860666666668e-05,2.342406e-05,-8.184847e-05,-8e-06,-4.806674000000001e-05,-8.916392e-06,-9.32244e-06,-3.182510054666667e-05,0.00016272946133333334,3.966706041333333e-05,-6.266158e-05
130,131,-0.00011499999999999999,5.213535e-05,-4.127543999999999e-06,-8.655829e-07,3.1040409999999996e-05,-3.803416e-05,1.8570114333333331e-06,6.867777333333333e-05,-7.327758000000001e-05,2.42976e-06,0.00010162129999999999,-0.000167,-6.064264689333333e-05,-9.719931000000001e-05,-0.00012867562666666666,-2.466037e-06,9.883954999999999e-06,8e-06,-9.64367e-05,1.4916900000000002e-06,2.1259530000000002e-06,-4.938573388e-05,-1.7227842e-05,0.00014978234,-5.33942e-05
131,132,-0.000277,1.753298e-06,3.370696e-05,-6.111403e-06,0.0001329355,-9.25688e-06,1.4163609666666664e-06,0.00018781489666666663,-4.011547e-05,6.512846000000001e-07,8.841448e-05,-6.3e-05,-6.176242022666667e-05,-7.185994e-05,-0.00015957866666666668,-3.1775499999999998e-06,-1.8933357666666663e-05,2e-05,-0.00024436268666666665,3.270081e-05,2.670163e-06,1.6536510333333337e-05,-5.004479e-05,0.00013824680106666666,1.5893039999999999e-06
132,133,-0.00011399999999999999,-8.437438e-05,8.003224e-05,-2.6833590000000003e-05,4.641812e-05,1.243388e-05,-5.202309166666666e-05,0.00019753969,1.202317e-05,5.350514e-05,6.852024e-05,-5.9e-05,-0.00019336003689333336,-9.175242e-05,-8.183880833333335e-05,-6.507038e-07,1.3823279000000001e-05,3e-06,-0.00010504785333333333,3.396427e-05,3.331748e-05,1.3095576666666666e-05,-3.989618999999999e-05,0.00024994370106666666,9.202821e-06
133,134,-0.000125,1.476375e-05,7.835363e-05,2.411038e-05,6.327296e-05,7.104768e-05,-5.8095124e-05,0.00016075483333333334,6.13099e-05,6.977649e-05,-4.361087e-06,-3.7e-05,-0.00018012444000000002,-1.5322170000000002e-05,-5.869598166666667e-05,-4.849685999999999e-07,-4.069001266666667e-05,-3e-06,-6.680225666666667e-05,3.020119e-05,4.149338e-05,6.193665733333334e-05,-8.162402e-05,0.00014000056376666664,1.054763e-05
134,135,4e-06,2.426219e-05,4.9203500000000004e-05,-1.848956e-05,4.275219e-05,4.389394e-05,-5.843649066666667e-05,-5.79771e-05,4.6918679999999994e-05,6.937055e-05,4.671423e-07,7.000000000000001e-06,-9.013586333333333e-05,-5.4337880000000006e-05,-5.623558833333333e-05,1.846933e-06,-3.955050300000001e-05,1.4000000000000001e-05,6.699714333333333e-05,3.639758e-05,3.072705e-05,-3.972065664999999e-06,-4.898306500000001e-05,7.603149603333331e-05,7.980650000000001e-06
135,136,-6.2e-05,0.0002445935,-4.813108e-06,-1.435963e-05,7.330275e-05,-1.4670120000000002e-05,-5.511917766666666e-06,-0.00010500995,-1.3800510000000002e-05,1.1681210000000002e-05,4.1992879999999994e-05,2.8999999999999997e-05,6.060139666666667e-05,-5.112893e-05,-7.969329999999999e-05,1.84527e-06,-5.083223614033334e-05,4.3e-05,-1.8679586666666668e-05,4.439537e-05,-2.040376e-06,-4.742410899833333e-05,8.842018833333331e-05,-9.280969730000002e-05,-8.236434000000001e-05
136,137,-3.7e-05,0.00022891580000000003,-6.388808000000001e-05,-0.0001294705,4.653798e-05,-8.480116e-05,-1.4723404433333333e-05,-9.96046279e-05,-5.238025e-06,3.78194e-05,4.209544e-05,4.3e-05,4.832202666666667e-05,-4.018891e-05,-6.0453424000000005e-05,1.6297730000000002e-06,-0.00010534910280699998,3.8e-05,-3.470121666666667e-05,0.0001038519,1.137894e-05,-4.5091952374999995e-05,0.00013798124933333332,-0.00015529209333333335,-0.0001276901
137,138,8e-06,0.0002475097,-7.100251999999999e-05,-0.00013684559999999998,2.6462540000000002e-05,-6.116298000000001e-05,-8.714540433333332e-06,-3.195932023333334e-05,-1.7194179999999997e-05,3.387014e-05,6.412556e-05,3.7e-05,-5.669677333333333e-05,-2.5253070000000002e-05,-2.356916066666666e-05,-2.333825e-06,-0.00014260446314033333,7.099999999999999e-05,-2.179596e-05,9.168686e-05,-8.192073e-07,-9.927602937666666e-05,0.000142176319,-9.204049300000002e-05,-0.0001461012
138,139,-0.00032,0.0002447454,-0.0001416795,-0.0001373116,-0.001033784,-1.358539e-05,2.7960019999999998e-05,-4.502250356666667e-05,-6.394083999999999e-05,2.4752939999999998e-05,7.977753e-05,6e-06,0.00022637536666666666,-1.188313e-05,1.7618046666666662e-06,7.177403e-05,-0.00014528817166666668,5.3e-05,8.627217e-05,7.999689999999999e-05,-3.531856e-06,-6.570517604333332e-05,-6.493681433333334e-05,-8.613218633333332e-05,-0.000101276
139,140,-0.000317,0.0001725068,-7.023255e-05,-0.00019943560000000002,-0.001075817,-2.392509e-06,3.096977e-05,-9.214549233333334e-05,-8.325158e-05,-7.553954e-06,7.774156e-05,5.2000000000000004e-05,0.00010938106666666664,-7.370131e-06,2.6092519999999997e-06,9.220568000000001e-05,-7.066717833333334e-05,4.9e-05,0.00015687405666666666,4.088544e-05,-2.9060820000000003e-05,-6.6461285e-05,-0.00011577960866666669,-7.129985299999999e-05,3.1413940000000004e-05
140,141,-0.0004,0.0001441283,6.475533000000001e-05,-0.000122223,-0.0010385519999999999,4.199807e-05,1.1427463333333332e-05,-0.00017404706666666666,-9.290939e-05,4.258542e-05,4.415876e-05,-5e-06,2.2905299999999996e-05,1.6722270000000002e-05,-1.3208294666666665e-05,9.543959e-05,-3.791944e-05,-1e-06,0.00023856746666666665,1.26974e-05,6.628423e-06,-3.397980166666667e-05,-0.00013693565,-0.00010454311999999999,0.0001182883
141,142,-0.00011499999999999999,7.050455e-05,8.721933e-05,-6.646048e-05,-1.239611e-05,8.109276e-05,-0.00014468917,-0.00011153922666666668,5.055001e-05,0.0001310085,-1.1792709999999999e-05,5e-06,-0.00028254306666666666,0.0001056742,-0.00022511687333333334,2.9158890000000002e-05,-8.248446833333333e-05,-1.1e-05,0.00013731456066666667,1.501655e-05,9.300657e-05,-3.2214551666666674e-05,-7.488438666666667e-05,-8.678793333333333e-05,0.0002250432
142,143,2.8999999999999997e-05,0.00011793969999999999,0.00013438989999999999,6.404934e-05,8.539779000000001e-05,7.984174e-05,-0.00012787773666666667,-3.529021000000002e-05,1.066324e-05,0.00013882049999999998,0.0001142462,-3.7e-05,-0.00017893468999999999,0.0001502518,-0.000223706034,1.879309e-05,-5.400034500000001e-05,0.000218,7.189526966666667e-05,-3.3772269999999997e-06,9.530774e-05,-0.00010408574666666666,-5.107512333333333e-05,-5.273075666666666e-05,0.0002594749
143,144,6.500000000000001e-05,0.0001664291,-0.0001342831,5.180262e-05,4.50479e-05,-1.3295339999999999e-05,-0.00011543156033333333,-9.775030999999999e-05,4.538932e-05,0.00010553469999999999,0.00017626169999999998,-0.00019099999999999998,2.4954843333333324e-05,0.0002088782,-0.00023036075733333332,1.418523e-05,-5.215032226666667e-05,0.000305,-0.00021348413033333335,1.982692e-05,7.975851e-05,-0.00012787329666666666,-3.362786966666666e-05,-5.1938890000000004e-05,0.0003042077
144,145,9.4e-05,0.0001049361,-6.895982e-05,1.9062550000000003e-05,4.773872999999999e-05,2.371158e-05,1.0535086333333333e-05,-0.000116845168,4.055135e-05,4.468732e-06,0.0001606495,-0.000192,4.8335033333333324e-05,0.0001230934,-1.9765759333333334e-05,6.293781e-06,-8.560268893333334e-05,0.000324,-0.00021349606166666668,-1.1560710000000002e-05,-2.521957e-06,-0.00011057877666666666,-2.6833638333333327e-05,-4.67132207e-05,0.00027523799999999997
145,146,8.4e-05,0.0001369141,-4.7690519999999995e-05,1.04168e-05,-2.674421e-07,-2.502294e-05,-7.808410333333333e-06,-0.00022156008466666668,5.321706e-05,4.35065e-06,3.910092e-05,-0.000135,-5.063171000000001e-05,0.0001318649,-3.7553581999999996e-05,-2.203579e-06,-8.086577628433333e-05,9.6e-05,-0.0002696015706666667,-1.0322370000000001e-05,3.806545e-05,-3.882405066666667e-05,-0.000176237835,-7.174809736666667e-05,0.0002621551
146,147,0.000121,7.50712e-05,8.326155999999999e-05,1.154312e-05,-2.333374e-06,0.0001001942,-5.878310156666667e-06,-0.00014553535133333332,3.665128e-05,-8.991115e-06,-1.755926e-05,0.000162,-0.00016663040999999998,3.037022e-05,-4.3532975333333326e-05,4.2128520000000004e-07,-7.185458068433333e-05,1.6e-05,-9.1680904e-05,-4.6624319999999995e-05,3.801809e-05,-4.3753750666666664e-05,-0.00017914420199999998,-3.272660403333334e-05,0.0001396925
147,148,0.000151,4.724130999999999e-05,0.0001502803,-4.78249e-05,2.206851e-05,2.410431e-05,-1.574606349e-05,-0.00018904026666666666,4.524367e-05,-0.0001534278,6.657353e-05,0.000135,-0.00015544585433333334,2.8685959999999997e-05,-4.314643533333333e-05,1.463076e-06,8.404978598233334e-05,4.6e-05,-0.00012271192666666667,3.819694e-06,-7.00637e-05,-9.142134066666666e-05,-0.00021536279666666667,-5.069906666666669e-06,9.028630999999999e-05
148,149,7.2e-05,-4.63289e-05,6.489014000000001e-05,-0.00012574559999999998,1.823266e-05,4.614759e-05,-3.569897682333333e-05,-0.00014088590666666665,4.7971629999999995e-05,-0.0001298561,7.683107e-05,3.4e-05,-7.9352221e-05,9.183548000000001e-05,-9.533986866666666e-05,-1.5834739999999999e-06,0.00011421119333333332,0.000151,-0.00021231909333333334,4.5472209999999995e-05,-0.0001061145,-5.512580000000001e-05,-4.5671706666666675e-05,2.6070709999999998e-05,0.0001538542
149,150,6.7e-05,2.8987659999999998e-05,7.265661999999999e-05,-0.0001473275,-0.000226751,-2.7410640000000004e-05,-2.082663666666667e-05,-0.00010129071,0.0001184258,-0.00011945280000000001,7.723215999999999e-05,-6.8e-05,-3.769068133333333e-05,0.0002071182,-6.7237662e-05,1.495603e-05,0.00012058078333333333,0.000117,-0.00017968599466666667,7.038204000000001e-05,-0.0001053392,4.735136666666667e-05,-4.170899703333334e-05,2.617893e-05,0.0002075932
150,151,0.00011999999999999999,5.9373769999999995e-05,5.766475e-05,-0.00010298350000000001,-0.0002700846,7.380729e-06,1.3688499999999998e-05,-5.803269333333333e-05,0.0001496034,5.146728e-05,5.236425999999999e-07,-4.1e-05,-2.0093977000000005e-05,0.00020823490000000002,-6.3931765e-05,1.2501e-05,2.2650860000000004e-05,5.6000000000000006e-05,-0.00024736346800000004,5.593171999999999e-05,1.546722e-05,0.00010555289666666667,-7.487449703333333e-05,-1.3821156233333332e-06,0.00021159580000000002
151,152,5.2000000000000004e-05,5.569031999999999e-05,1.547524e-05,-1.94513e-05,-0.0002646473,-6.72201e-06,5.103469666666666e-05,-2.8920908666666664e-05,0.0001950345,-9.14647e-05,-2.2122129999999998e-05,-1e-06,-5.6507336666666665e-06,9.161719000000001e-05,0.00040655680166666667,6.207782999999999e-06,-7.710242766666664e-06,-4.7e-05,-0.00016593396799999998,1.512622e-05,-2.248038e-05,9.659224e-05,-0.00014583475369999997,5.396703437666667e-05,3.7608259999999994e-05
152,153,3.1e-05,-1.3649979999999998e-05,1.036266e-05,-7.4348739999999995e-06,-0.00035743019999999996,-0.0001528257,3.631929836666667e-05,9.942194666666666e-06,0.00020487849999999998,-0.00010592209999999999,-9.206205e-05,5.1e-05,-0.00010415784,-8.473065e-07,0.0002646910016666667,-7.887016e-06,-4.8718736099999995e-05,-6.7e-05,-0.00016839195666666664,4.3568279999999994e-06,-2.259198e-05,0.00015431844000000003,-0.00015355713666666664,4.903179037666667e-05,-4.558167e-06
153,154,-2.3e-05,-9.344352e-06,-3.129002e-05,-7.850874e-06,-0.0003372914,-0.0001462313,9.407456836666666e-05,-2.8389222e-05,0.0001470376,-0.00012400549999999998,-8.806632e-05,-0.000105,-0.00024154045666666666,0.0001008412,0.00014901863333333334,-1.3710039999999999e-05,-2.5996078881666664e-05,-9.300000000000001e-05,-7.736070333333332e-05,-2.116368e-06,-8.908221e-05,0.00018529057666666666,-8.596247333333332e-05,6.645251933333333e-05,1.3207939999999999e-05
154,155,-2e-06,-5.535783e-05,1.4415829999999999e-05,-2.847968e-06,-0.0003375521,-0.00010150639999999999,0.00018426322169999999,-3.3176666333333334e-05,0.000158909,-4.6933e-05,-0.0001301546,-0.000103,-0.00020282422666666666,0.00012471379999999998,-0.00027094352,-5.097533e-06,-3.8677012781666665e-05,-0.00011899999999999999,-2.8509783333333333e-05,-9.213224000000001e-05,-0.0001578316,0.00017481513000000004,-3.7835433333333334e-05,-1.899184733333333e-05,9.286909e-05
155,156,-7.7e-05,-8.519858e-05,7.574724e-06,1.9085910000000002e-07,0.0001432554,4.5373019999999995e-05,0.00016069371333333332,-4.236029063333333e-05,0.0001387489,2.7428340000000002e-05,0.00017918009999999998,-0.000154,-0.00022621856,0.0001179442,-0.00013453816033333333,-1.3399570000000001e-05,-2.117880278166667e-05,0.000268,-2.522387296666667e-05,-9.203384e-05,-0.00011513709999999999,-0.00022657127,-3.143131366666667e-05,-2.057917733333333e-05,9.031562e-05
156,157,-0.000126,-9.447331e-05,-5.17958e-06,0.00011581180000000001,0.0001384398,-3.557007e-05,-3.902486666666673e-06,-3.2907884600000004e-06,0.0001164775,9.097594000000001e-07,0.0001411616,-8e-06,-0.00011235006333333332,3.89105e-06,-2.5909546999999995e-05,-2.056788e-06,-0.00015044000333333331,0.000304,-3.0603216300000004e-05,-0.0001303951,-8.832872e-05,-0.00032265657,-3.9260427e-05,-0.00010660312733333333,7.324064e-05
